data,filename
20220001code,20220001code.png
20220002code,20220002code.png
20220003code,20220003code.png
20220004code,20220004code.png
20220005code,20220005code.png
20220006code,20220006code.png
20220007code,20220007code.png
20220008code,20220008code.png
20220009code,20220009code.png
20220010code,20220010code.png
20220011code,20220011code.png
20220012code,20220012code.png
20220013code,20220013code.png
20220014code,20220014code.png
20220015code,20220015code.png
20220016code,20220016code.png
20220017code,20220017code.png
20220018code,20220018code.png
20220019code,20220019code.png
20220020code,20220020code.png
20220021code,20220021code.png
20220022code,20220022code.png
20220023code,20220023code.png
20220024code,20220024code.png
20220025code,20220025code.png
20220026code,20220026code.png
20220027code,20220027code.png
20220028code,20220028code.png
20220029code,20220029code.png
20220030code,20220030code.png
20220031code,20220031code.png
20220032code,20220032code.png
20220033code,20220033code.png
20220034code,20220034code.png
20220035code,20220035code.png
20220036code,20220036code.png
20220037code,20220037code.png
20220038code,20220038code.png
20220039code,20220039code.png
20220040code,20220040code.png
20220041code,20220041code.png
20220042code,20220042code.png
20220043code,20220043code.png
20220044code,20220044code.png
20220045code,20220045code.png
20220046code,20220046code.png
20220047code,20220047code.png
20220048code,20220048code.png
20220049code,20220049code.png
20220050code,20220050code.png
20220051code,20220051code.png
20220052code,20220052code.png
20220053code,20220053code.png
20220054code,20220054code.png
20220055code,20220055code.png
20220056code,20220056code.png
20220057code,20220057code.png
20220058code,20220058code.png
20220059code,20220059code.png
20220060code,20220060code.png
20220061code,20220061code.png
20220062code,20220062code.png
20220063code,20220063code.png
20220064code,20220064code.png
20220065code,20220065code.png
20220066code,20220066code.png
20220067code,20220067code.png
20220068code,20220068code.png
20220069code,20220069code.png
20220070code,20220070code.png
20220071code,20220071code.png
20220072code,20220072code.png
20220073code,20220073code.png
20220074code,20220074code.png
20220075code,20220075code.png
20220076code,20220076code.png
20220077code,20220077code.png
20220078code,20220078code.png
20220079code,20220079code.png
20220080code,20220080code.png
20220081code,20220081code.png
20220082code,20220082code.png
20220083code,20220083code.png
20220084code,20220084code.png
20220085code,20220085code.png
20220086code,20220086code.png
20220087code,20220087code.png
20220088code,20220088code.png
20220089code,20220089code.png
20220090code,20220090code.png
20220091code,20220091code.png
20220092code,20220092code.png
20220093code,20220093code.png
20220094code,20220094code.png
20220095code,20220095code.png
20220096code,20220096code.png
20220097code,20220097code.png
20220098code,20220098code.png
20220099code,20220099code.png
20220100code,20220100code.png